{"cameraMode":{"drawMode":0,"name":"Shaded","section":"Shading Mode"},"sceneLighting":false,"audioPlay":false,"sceneViewState":{"m_AlwaysRefresh":false,"showFog":true,"showSkybox":false,"showFlares":true,"showImageEffects":true,"showParticleSystems":true,"showVisualEffectGraphs":true,"m_FxEnabled":true},"in2DMode":false,"pivot":{"x":-4.333479404449463,"y":3.9958114624023439,"z":38.68057632446289},"rotation":{"x":0.1674157828092575,"y":-0.015454924665391446,"z":0.006551117170602083,"w":0.9855568408966065},"size":5.648680686950684,"orthographic":false}